Name,Phone Number,Email,Address,Gender,Sec level,Nearest Mrt station,Subject,,,
Emma Lim,87459632,emma@example.com,"emma street, block 123, #01-01",F,2,Orchard MRT,English,,,
Olivia Chan,21384765,olivia@example.com,"olivia street, block 123, #01-01",F,1,Jurong East MRT,English,,,
Benjamin Lee,56983214,benjamin@example.com,"benjamin street, block 123, #01-01",M,3,Bugis MRT,Physics,,,
Sophia lim,72519843,sophia@example.com,"sophia street, block 123, #01-01",F,2,Jurong East MRT,Additional Mathematics,,,
William Tan,34872651,william@example.com,"william street, block 123, #01-01",M,2,Dhoby Ghaut MRT,Physics,,,
Eva Lee,98125736,eva@example.com,"eva street, block 123, #01-01",F,1,Chinatown MRT,Physics,,,
James The,63592418,james@example.com,"james street, block 123, #01-01",M,3,Tampines MRT,Chemistry,Physics,,
Alex Ng,47261398,alex@example.com,"alex street, block 123, #01-01",M,3,HarbourFront MRT,English,Chinese,,
Martin Wong,18634729,martin@example.com,"martin street, block 123, #01-01",M,1,Clementi MRT,English,,,
Wilson Tan,59321647,wilson@example.com,"wilson street, block 123, #01-01",M,1,HarbourFront MRT,Additional Mathematics,,,
Emma Johnson,61700883,emma.johnson@example.com,"emma johnson street, block 123, #01-01",F,4,Jurong East MRT,Mathematics,English,Biology,
Liam Smith,72211783,liam.smith@example.com,"liam smith street, block 123, #01-02",M,1,Raffles Place MRT,English,,,
Olivia Williams,34713550,olivia.williams@example.com,"olivia williams street, block 123, #01-03",F,1,Yishun MRT,Biology,,,
Noah Brown,30361712,noah.brown@example.com,"noah brown street, block 123, #01-04",M,4,Dhoby Ghaut MRT,Chinese,Chemistry,,
Ava Jones,59874840,ava.jones@example.com,"ava jones street, block 123, #01-05",F,4,Clementi MRT,Chemistry,Biology,Additional Mathematics,
Ethan Davis,15973259,ethan.davis@example.com,"ethan davis street, block 123, #01-06",M,1,Tanah Merah MRT,Additional Mathematics,,,
Isabella Taylor,78933201,isabella.taylor@example.com,"isabella taylor street, block 123, #01-07",F,3,Serangoon MRT,English,Mathematics,Chemistry,
Mason Wilson,37793817,mason.wilson@example.com,"mason wilson street, block 123, #01-08",M,2,Boon Lay MRT,Mathematics,Physics,,
Sophia Anderson,26210410,sophia.anderson@example.com,"sophia anderson street, block 123, #01-09",F,4,Bugis MRT,Physics,,,
Benjamin Martinez,46167098,benjamin.martinez@example.com,"benjamin martinez street, block 123, #01-10",M,2,Bukit Gombak MRT,Biology,,,
Mia Garcia,84711184,mia.garcia@example.com,"mia garcia street, block 123, #01-11",F,1,Woodlands MRT,Chemistry,,,
James Rodriguez,74591425,james.rodriguez@example.com,"james rodriguez street, block 123, #01-12",M,1,Outram Park MRT,Chinese,,,
Charlotte Hernandez,60204859,charlotte.hernandez@example.com,"charlotte hernandez street, block 123, #01-13",F,2,Kranji MRT,Additional Mathematics,,,
Alexander Lopez,33183519,alexander.lopez@example.com,"alexander lopez street, block 123, #01-14",M,2,Tampines MRT,Mathematics,,,
Amelia Torres,84525416,amelia.torres@example.com,"amelia torres street, block 123, #01-15",F,3,Paya Lebar MRT,English,,,
Michael Perez,97541130,michael.perez@example.com,"michael perez street, block 123, #01-16",M,4,Eunos MRT,Additional Mathematics,,,
Harper Moore,31619621,harper.moore@example.com,"harper moore street, block 123, #01-17",F,4,Bukit Batok MRT,Biology,English,,
Daniel Lewis,36819659,daniel.lewis@example.com,"daniel lewis street, block 123, #01-18",M,1,Novena MRT,Chemistry,English,Chinese,Additional Mathematics
Abigail Martin,48227841,abigail.martin@example.com,"abigail martin street, block 123, #01-19",F,2,Choa Chu Kang MRT,Chinese,,,
Elijah Hall,90616991,elijah.hall@example.com,"elijah hall street, block 123, #01-20",M,2,Lavender MRT,Physics,,,
Emily White,75842463,emily.white@example.com,"emily white street, block 123, #01-21",F,2,Jurong West MRT,Mathematics,,,
William Scott,91409021,william.scott@example.com,"william scott street, block 123, #01-22",M,2,City Hall MRT,English,,,
Sofia Green,70683649,sofia.green@example.com,"sofia green street, block 123, #01-23",F,1,Sengkang MRT,Additional Mathematics,,,
Aiden Adams,99939694,aiden.adams@example.com,"aiden adams street, block 123, #01-24",M,1,Bukit Panjang MRT,Chemistry,,,
Elizabeth Baker,62420545,elizabeth.baker@example.com,"elizabeth baker street, block 123, #01-25",F,2,Khatib MRT,Biology,Physics,Chinese,
Henry King,47498555,henry.king@example.com,"henry king street, block 123, #01-26",M,3,Aljunied MRT,Chinese,,,
Grace Young,95595275,grace.young@example.com,"grace young street, block 123, #01-27",F,4,Expo MRT,Physics,Additional Mathematics,,
Matthew Turner,79429601,matthew.turner@example.com,"matthew turner street, block 123, #01-28",M,3,Joo Koon MRT,English,Chemistry,,
Scarlett Nelson,46714113,scarlett.nelson@example.com,"scarlett nelson street, block 123, #01-29",F,3,Sembawang MRT,Mathematics,,,
Jackson Clark,24311329,jackson.clark@example.com,"jackson clark street, block 123, #01-30",M,2,Chinese Garden MRT,Chemistry,,,
Addison Adams,40821103,addison.adams@example.com,"addison adams street, block 123, #01-31",F,3,Bedok MRT,Chinese,,,
Sebastian Evans,79497243,sebastian.evans@example.com,"sebastian evans street, block 123, #01-32",M,1,Simei MRT,Additional Mathematics,,,
Lily Allen,30707396,lily.allen@example.com,"lily allen street, block 123, #01-33",F,4,Pasir Ris MRT,Biology,Chemistry,,
Aiden Martinez,26252373,aiden.martinez@example.com,"aiden martinez street, block 123, #01-34",M,2,Botanic Gardens MRT,Mathematics,,,
Zoey Turner,37280536,zoey.turner@example.com,"zoey turner street, block 123, #01-35",F,2,Pioneer MRT,English,,,
Joseph White,30118943,joseph.white@example.com,"joseph white street, block 123, #01-36",M,1,Newton MRT,Chemistry,,,
Chloe Wright,20936734,chloe.wright@example.com,"chloe wright street, block 123, #01-37",F,2,Tampines West MRT,Physics,,,
David Baker,24359368,david.baker@example.com,"david baker street, block 123, #01-38",M,3,Lakeside MRT,Additional Mathematics,Biology,,
Madison Johnson,49892081,madison.johnson@example.com,"madison johnson street, block 123, #01-39",F,1,Redhill MRT,Chinese,Mathematics,,
Samuel Thomas,44378555,samuel.thomas@example.com,"samuel thomas street, block 123, #01-40",M,4,Tiong Bahru MRT,Biology,English,,
Hannah Wilson,53698073,hannah.wilson@example.com,"hannah wilson street, block 123, #01-41",F,4,Ang Mo Kio MRT,Chemistry,English,,
John Harris,50999373,john.harris@example.com,"john harris street, block 123, #01-42",M,4,Marymount MRT,Mathematics,Physics,,
Victoria Walker,73887842,victoria.walker@example.com,"victoria walker street, block 123, #01-43",F,1,Bartley MRT,Chinese,,,
Benjamin Davis,44131176,benjamin.davis@example.com,"benjamin davis street, block 123, #01-44",M,1,King Albert Park MRT,English,Additional Mathematics,,
Ella Hall,78206043,ella.hall@example.com,"ella hall street, block 123, #01-45",F,2,Dover MRT,Additional Mathematics,,,
Andrew Lewis,37397380,andrew.lewis@example.com,"andrew lewis street, block 123, #01-46",M,2,Bukit Timah MRT,Biology,,,
Penelope Turner,10985459,penelope.turner@example.com,"penelope turner street, block 123, #01-47",F,2,Haw Par Villa MRT,Physics,English,,
Jack Robinson,13644391,jack.robinson@example.com,"jack robinson street, block 123, #01-48",M,2,Haw Par Villa MRT,Mathematics,,,
Grace Harris,83344645,grace.harris@example.com,"grace harris street, block 123, #01-49",F,1,Labrador Park MRT,Chemistry,Chemistry,,
Samuel Young,59705162,samuel.young@example.com,"samuel young street, block 123, #01-50",M,1,Telok Blangah MRT,Additional Mathematics,,,
Sofia Martinez,14039746,sofia.martinez@example.com,"sofia martinez street, block 123, #01-51",F,1,Bukit Brown MRT,English,,,
Daniel Adams,44751918,daniel.adams@example.com,"daniel adams street, block 123, #01-52",M,3,Stevens MRT,Chinese,,,
Scarlett Rodriguez,82501311,scarlett.rodriguez@example.com,"scarlett rodriguez street, block 123, #01-53",F,2,Toa Payoh MRT,Biology,,,
Joseph Taylor,57939467,joseph.taylor@example.com,"joseph taylor street, block 123, #01-54",M,4,Lentor MRT,Mathematics,Biology,,
Harper King,75816690,harper.king@example.com,"harper king street, block 123, #01-55",F,1,Mayflower MRT,Chemistry,Physics,Mathematics,Biology
Alexander Walker,15846900,alexander.walker@example.com,"alexander walker street, block 123, #01-56",M,2,Orchard MRT,Physics,Mathematics,,
Amelia Martin,65511759,amelia.martin@example.com,"amelia martin street, block 123, #01-57",F,2,Yio Chu Kang MRT,English,Chemistry,Additional Mathematics,
Jackson Scott,15500945,jackson.scott@example.com,"jackson scott street, block 123, #01-58",M,3,Mattar MRT,Chinese,Additional Mathematics,Mathematics,
Emily Nelson,65904622,emily.nelson@example.com,"emily nelson street, block 123, #01-59",F,4,MacPherson MRT,Additional Mathematics,,,
Liam White,97584049,liam.white@example.com,"liam white street, block 123, #01-60",M,1,Geylang Bahru MRT,Biology,,,
Mia Baker,12098046,mia.baker@example.com,"mia baker street, block 123, #01-61",F,1,Sungei Road MRT,Mathematics,,,
William Davis,94583856,william.davis@example.com,"william davis street, block 123, #01-62",M,1,Jalan Besar MRT,Chemistry,,,
Olivia Adams,61362656,olivia.adams@example.com,"olivia adams street, block 123, #01-63",F,2,Woodleigh MRT,Additional Mathematics,,,
Elijah Turner,51050601,elijah.turner@example.com,"elijah turner street, block 123, #01-64",M,1,Tai Seng MRT,English,,,
Sophia Harris,83037337,sophia.harris@example.com,"sophia harris street, block 123, #01-65",F,1,Potong Pasir MRT,Chinese,Additional Mathematics,,
Mason Green,42560376,mason.green@example.com,"mason green street, block 123, #01-66",M,2,Hillview MRT,Physics,English,,
Ava Allen,98505635,ava.allen@example.com,"ava allen street, block 123, #01-67",F,2,Beauty World MRT,Chemistry,Chinese,,
Noah Young,73063774,noah.young@example.com,"noah young street, block 123, #01-68",M,2,Hume MRT,Biology,Physics,,
Isabella Walker,46270428,isabella.walker@example.com,"isabella walker street, block 123, #01-69",F,1,Nee Soon MRT,Mathematics,Chemistry,,
James Martin,51090040,james.martin@example.com,"james martin street, block 123, #01-70",M,3,Wellington MRT,Chinese,Biology,,
Charlotte Taylor,59944140,charlotte.taylor@example.com,"charlotte taylor street, block 123, #01-71",F,1,Gombak MRT,Additional Mathematics,Mathematics,,
Alexander Smith,61789079,alexander.smith@example.com,"alexander smith street, block 123, #01-72",M,2,Lim Chu Kang MRT,English,,,
Amelia Jones,85324047,amelia.jones@example.com,"amelia jones street, block 123, #01-73",F,4,Peng Kang Hill MRT,Physics,,,
Benjamin Johnson,34843163,benjamin.johnson@example.com,"benjamin johnson street, block 123, #01-74",M,4,Flora Drive MRT,Mathematics,Chinese,,
Grace Hernandez,21586761,grace.hernandez@example.com,"grace hernandez street, block 123, #01-75",F,2,Soo Teck MRT,Chemistry,,,
Matthew Davis,17982799,matthew.davis@example.com,"matthew davis street, block 123, #01-76",M,1,Sungei Buloh MRT,Biology,,,
Scarlett Wilson,64128666,scarlett.wilson@example.com,"scarlett wilson street, block 123, #01-77",F,4,Pioneer Road MRT,Chinese,,,
Michael Anderson,64503541,michael.anderson@example.com,"michael anderson street, block 123, #01-78",M,2,Jurong MRT,Additional Mathematics,,,
Elizabeth Smith,42523460,elizabeth.smith@example.com,"elizabeth smith street, block 123, #01-79",F,1,Gul Way MRT,Physics,,,
Henry Turner,53641626,henry.turner@example.com,"henry turner street, block 123, #01-80",M,3,Tuas West Road MRT,English,,,
Lily Martin,19344255,lily.martin@example.com,"lily martin street, block 123, #01-81",F,1,Tuas Link MRT,Mathematics,,,
Daniel Lewis,76602539,daniel.lewis@example.com,"daniel lewis street, block 123, #01-82",M,1,Merawoods MRT,Biology,,,
Abigail Taylor,56510687,abigail.taylor@example.com,"abigail taylor street, block 123, #01-83",F,1,Keat Hong MRT,Chemistry,English,,
William Johnson,57802810,william.johnson@example.com,"william johnson street, block 123, #01-84",M,1,Choa Chu Kang Loop MRT,Additional Mathematics,English,Chemistry,
Elijah Anderson,57778257,elijah.anderson@example.com,"elijah anderson street, block 123, #01-85",F,3,Brickland MRT,Chinese,Chemistry,Biology,
Zoey Walker,95411208,zoey.walker@example.com,"zoey walker street, block 123, #01-86",M,2,Jungles MRT,Physics,Mathematics,English,
Joseph Hernandez,44705267,joseph.hernandez@example.com,"joseph hernandez street, block 123, #01-87",F,1,Ten Mile Junction MRT,English,Biology,Chinese,
Olivia Davis,21485637,olivia.davis@example.com,"olivia davis street, block 123, #01-88",M,3,Woodlands View MRT,Additional Mathematics,Physics,,
Samuel Adams,76587096,samuel.adams@example.com,"samuel adams street, block 123, #01-89",F,2,Senoko MRT,Chemistry,Chinese,,
Chloe Taylor,40361991,chloe.taylor@example.com,"chloe taylor street, block 123, #01-90",M,3,Woodlands North MRT,Mathematics,English,,
John Smith,20768220,john.smith@example.com,"john smith street, block 123, #01-91",F,4,Springleaf MRT,Biology,Chemistry,,
Harper Anderson,75225186,harper.anderson@example.com,"harper anderson street, block 123, #01-92",M,4,Lentor Estate MRT,Physics,Additional Mathematics,,
Andrew Lewis,19566037,andrew.lewis@example.com,"andrew lewis street, block 123, #01-93",F,3,Geylang East MRT,Chinese,Biology,,
Penelope Davis,24643623,penelope.davis@example.com,"penelope davis street, block 123, #01-94",M,1,Jalan Teck MRT,English,,,
David Brown,69631502,david.brown@example.com,"david brown street, block 123, #01-95",F,3,Woodsville MRT,Chemistry,,,
Madison Smith,23724706,madison.smith@example.com,"madison smith street, block 123, #01-96",M,3,Kallang Estate MRT,Additional Mathematics,,,
Ethan Robinson,25671576,ethan.robinson@example.com,"ethan robinson street, block 123, #01-97",F,3,Bukit Timah View MRT,Biology,,,
Charlotte Harris,74749005,charlotte.harris@example.com,"charlotte harris street, block 123, #01-98",M,2,King Albert Park MRT,Mathematics,,,
Noah Adams,58156809,noah.adams@example.com,"noah adams street, block 123, #01-99",F,3,Bukit Batok Central MRT,Chinese,,,
Sophia Taylor,56444747,sophia.taylor@example.com,"sophia taylor street, block 123, #01-100",M,1,Bukit Batok East MRT,Physics,,,
